Open_time	Open	High	Low	Close	Volume	Close_time	Quote_asset_volume	Number_of_trades	Taker_buy_base_asset_volume	Taker_buy_quote_asset_volume
1/1/2025 0:00	0.845	0.8608	0.8438	0.8596	3433981.2	00:00.0	2930683.503	8996	2147684	1833131.654
1/1/2025 1:00	0.8595	0.8596	0.8524	0.8529	2230725.2	00:00.0	1909260.178	5903	994215.9	850828.0187
1/1/2025 2:00	0.8528	0.8582	0.8522	0.8571	1902153.5	00:00.0	1626023.223	5274	963925.3	824114.1148
1/1/2025 3:00	0.8571	0.8573	0.8511	0.8522	1959686	00:00.0	1672000.874	4497	889840.2	759229.5135
1/1/2025 4:00	0.8522	0.8547	0.849	0.8491	3011071.8	00:00.0	2564339.987	6665	1463844.4	1247171.864
1/1/2025 5:00	0.849	0.8592	0.8485	0.8561	3184472.4	00:00.0	2720618.337	6995	1458624.9	1246279.513
1/1/2025 6:00	0.8561	0.858	0.8527	0.8574	1693306.1	00:00.0	1448931.551	5536	828809.8	709247.8354
1/1/2025 7:00	0.8573	0.8595	0.8511	0.8518	3288249.7	00:00.0	2815753.823	7048	1340311.2	1147840.665
1/1/2025 8:00	0.8519	0.8552	0.8461	0.8467	2417880.2	00:00.0	2054447.085	7028	1025128.8	871554.2245
1/1/2025 9:00	0.8468	0.8496	0.838	0.8462	6319431.5	00:00.0	5323282.373	13679	3275778.9	2758461.978
1/1/2025 10:00	0.8462	0.8503	0.8437	0.8441	2079091.7	00:00.0	1759829.941	6658	901769.3	763457.8204
1/1/2025 11:00	0.8441	0.8565	0.8416	0.8532	4254130	00:00.0	3616819.61	10020	2071122.1	1761270.514
1/1/2025 12:00	0.8532	0.8679	0.8529	0.8657	6048971.7	00:00.0	5209149.434	16116	2855600.5	2459839.796
1/1/2025 13:00	0.8656	0.8707	0.8614	0.8649	5169998.2	00:00.0	4477782.062	15707	2605871.9	2257698.141
1/1/2025 14:00	0.865	0.8714	0.859	0.8648	5161618.2	00:00.0	4468242.723	13369	2925782.8	2533266.878
1/1/2025 15:00	0.8648	0.8787	0.8612	0.877	6301928.5	00:00.0	5491372.343	15854	3769865.6	3285896.885
1/1/2025 16:00	0.877	0.8932	0.876	0.8893	20038457.3	00:00.0	17780016.27	47439	9470100.8	8405273.786
1/1/2025 17:00	0.8894	0.892	0.8772	0.8887	8289525	00:00.0	7329497.226	22996	3374264.9	2981266.584
1/1/2025 18:00	0.8888	0.9248	0.8837	0.9218	15912418.3	00:00.0	14392546.16	39163	8690234.8	7871677.562
1/1/2025 19:00	0.9217	0.9355	0.9093	0.9172	20980105.9	00:00.0	19351796.22	48836	9769892.5	9017793.079
1/1/2025 20:00	0.9173	0.9324	0.9173	0.9205	16549202.2	00:00.0	15292836	31371	6066991.2	5611126.415
1/1/2025 21:00	0.9206	0.9253	0.915	0.919	16976316.9	00:00.0	15615598.07	26309	6046803.7	5561365.179
1/1/2025 22:00	0.9189	0.9246	0.9112	0.9213	10512086	00:00.0	9628273.929	16902	4702146.8	4311459.415
1/1/2025 23:00	0.9213	0.9234	0.914	0.9222	4146509.8	00:00.0	3808617.034	11735	1946228.2	1788805.241
1/2/2025 0:00	0.9222	0.9543	0.9222	0.9456	19710573.4	00:00.0	18574041.26	53232	10893969.7	10256595.39
1/2/2025 1:00	0.9455	0.9555	0.9436	0.9466	11166535.2	00:00.0	10605230.61	26813	6139387.1	5832790.602
1/2/2025 2:00	0.9466	0.9471	0.9386	0.9419	6054349.1	00:00.0	5702270.116	16722	2699910	2542892.225
1/2/2025 3:00	0.942	0.9448	0.9398	0.9421	2945809.2	00:00.0	2775176.936	10398	1424869.7	1342585.61
1/2/2025 4:00	0.9421	0.9495	0.9358	0.9447	5296612.4	00:00.0	4993389.496	16421	2708372.3	2554026.113
1/2/2025 5:00	0.9448	0.945	0.9303	0.9327	4520973.7	00:00.0	4239012.876	15327	2016599.8	1890558.89
1/2/2025 6:00	0.9327	0.9347	0.9245	0.9273	7346614.7	00:00.0	6826034.118	16399	3161688.4	2937235.057
1/2/2025 7:00	0.9272	0.9351	0.9252	0.9335	5071060	00:00.0	4720692.466	11335	2345641.3	2183647.51
1/2/2025 8:00	0.9335	0.9369	0.9288	0.9361	3836409.9	00:00.0	3577415.544	11553	2158781.1	2013962.52
1/2/2025 9:00	0.9361	0.9499	0.9349	0.949	9912051.2	00:00.0	9355913.705	19986	5665485.2	5348445.009
1/2/2025 10:00	0.949	0.9721	0.9477	0.9666	23527443.7	00:00.0	22611319.34	43275	14956703.1	14379777.58
1/2/2025 11:00	0.9666	0.9729	0.9571	0.9709	11320322.3	00:00.0	10910006.26	24086	6468044.8	6235827.119
1/2/2025 12:00	0.971	0.9828	0.9673	0.973	14269770.6	00:00.0	13919128.27	34633	7467981.7	7290240.955
1/2/2025 13:00	0.9729	0.9738	0.9608	0.9635	6774986.1	00:00.0	6545599.045	21321	2946258.2	2846626.093
1/2/2025 14:00	0.9636	0.9758	0.9544	0.965	15311790.8	00:00.0	14733594.47	40315	7400929.6	7128246.787
1/2/2025 15:00	0.965	0.9655	0.9494	0.955	10142238.9	00:00.0	9688909.971	27194	4759091	4547236.127
1/2/2025 16:00	0.9551	0.9655	0.951	0.9614	9301533.3	00:00.0	8941370.09	22441	5227028.5	5025043.201
1/2/2025 17:00	0.9615	0.9653	0.945	0.9529	8095890.4	00:00.0	7731981.073	21408	4176791.3	3990862.151
1/2/2025 18:00	0.9528	0.9621	0.9511	0.9615	3188439.2	00:00.0	3049455.546	10678	1647328.9	1575350.876
1/2/2025 19:00	0.9616	0.963	0.9551	0.9571	3326998.2	00:00.0	3190863.408	8748	1542715.1	1480412.982
1/2/2025 20:00	0.9571	0.966	0.9555	0.9601	5136892.1	00:00.0	4936138.025	13018	3095266.9	2974962.413
1/2/2025 21:00	0.9602	0.9675	0.9572	0.9663	2815998.8	00:00.0	2709719.941	9279	1551246.7	1493311.78
1/2/2025 22:00	0.9662	0.9679	0.958	0.9622	3721486	00:00.0	3585187.294	9719	1511273.8	1456550.194
1/2/2025 23:00	0.9621	0.9658	0.9586	0.9612	2187409.3	00:00.0	2104623.376	7529	1084607.3	1043461.186
1/3/2025 0:00	0.9612	0.9713	0.9612	0.9631	4537384.7	00:00.0	4387475.06	13822	2427350.4	2347138.451
1/3/2025 1:00	0.9631	0.9771	0.9569	0.9745	6173148.7	00:00.0	5975545.21	18264	3077196.6	2980326.39
1/3/2025 2:00	0.9745	0.9974	0.9743	0.9878	15816655.2	00:00.0	15629953.64	37288	9474841.6	9359976.305
1/3/2025 3:00	0.9879	1.031	0.9866	1.027	21308771	00:00.0	21378812.51	46489	13133078.1	13169029.48
1/3/2025 4:00	1.0269	1.027	1.0107	1.0146	11726074.6	00:00.0	11926354.12	34875	5875371.9	5975380.564
1/3/2025 5:00	1.0147	1.0222	1.0059	1.0212	10472118.4	00:00.0	10613078.27	27721	5235627.8	5312049.439
1/3/2025 6:00	1.0212	1.0421	1.0212	1.0398	18653151.4	00:00.0	19275546.36	48967	10790460.6	11151742.58
1/3/2025 7:00	1.0398	1.0472	1.024	1.0358	24497501	00:00.0	25362333.62	62733	13537859.1	14016843.6
1/3/2025 8:00	1.0359	1.0658	1.0346	1.0412	30863241.3	00:00.0	32414258.21	73958	18563585.7	19503783.9
1/3/2025 9:00	1.0412	1.0606	1.0408	1.0539	12986958.1	00:00.0	13666425.44	34839	6467515.7	6806754.493
1/3/2025 10:00	1.0538	1.0722	1.0453	1.0602	16667605.1	00:00.0	17664465.83	44594	8028134.1	8512485.668
1/3/2025 11:00	1.0602	1.0877	1.0602	1.0737	20002375.6	00:00.0	21529209.33	53992	10150535.4	10928569.99
1/3/2025 12:00	1.0737	1.1014	1.0737	1.09	21926821.3	00:00.0	23903455.58	62752	12031962	13121533.02
1/3/2025 13:00	1.0899	1.0974	1.0545	1.0716	34442701.4	00:00.0	37042840.27	79289	12533314	13497162.38
1/3/2025 14:00	1.0717	1.0935	1.0717	1.0917	14124945.7	00:00.0	15301939.98	40786	7134989.9	7730209.476
1/3/2025 15:00	1.0917	1.1013	1.0791	1.086	15411508.5	00:00.0	16783561.88	44592	7124981	7764948.071
1/3/2025 16:00	1.086	1.1153	1.0805	1.0909	24384784.9	00:00.0	26855050.26	75268	13864738.1	15282376.2
1/3/2025 17:00	1.0909	1.0997	1.078	1.0841	13975030.6	00:00.0	15198300.57	39957	5232168.9	5696838.797
1/3/2025 18:00	1.0842	1.0878	1.0797	1.0815	10028316.5	00:00.0	10867522.54	25138	4242912.9	4598195.768
1/3/2025 19:00	1.0816	1.0993	1.0807	1.0966	11984410.3	00:00.0	13079973.44	25484	5865166.7	6403279.339
1/3/2025 20:00	1.0965	1.1194	1.0918	1.1156	21141270.3	00:00.0	23416477.68	47608	13617637.1	15087733.6
1/3/2025 21:00	1.1157	1.1171	1.0862	1.0896	11815650.2	00:00.0	12969602.68	34898	4610322.3	5059764.914
1/3/2025 22:00	1.0897	1.0998	1.085	1.0975	7126148.7	00:00.0	7773451.419	17012	3504777.6	3822852.084
1/3/2025 23:00	1.0975	1.1063	1.0885	1.0894	8360827.4	00:00.0	9169967.657	21812	3465247.6	3801694.04
1/4/2025 0:00	1.0894	1.1061	1.0829	1.0857	11300178.2	00:00.0	12362277.12	31805	5122158.2	5606016.112
1/4/2025 1:00	1.0857	1.1079	1.0766	1.1057	10939670.5	00:00.0	11929014	32221	5935316.3	6475293.858
1/4/2025 2:00	1.1058	1.1144	1.0905	1.0941	11163668.7	00:00.0	12286888.58	35369	5638775.6	6205243.616
1/4/2025 3:00	1.0942	1.101	1.0887	1.0922	6009770.3	00:00.0	6579418.081	18243	2725875.5	2984373.204
1/4/2025 4:00	1.0922	1.0969	1.081	1.0881	6362146.6	00:00.0	6922551.515	19397	2308822.5	2511894.834
1/4/2025 5:00	1.0881	1.0959	1.0823	1.0848	4263587.6	00:00.0	4641461.193	15310	1894788.5	2062536.424
1/4/2025 6:00	1.0847	1.0906	1.0811	1.0856	3873026	00:00.0	4205157.241	13780	1465647.6	1590991.244
1/4/2025 7:00	1.0855	1.0875	1.0734	1.0739	7654374.4	00:00.0	8267324.241	19618	3069544.7	3315959.49
1/4/2025 8:00	1.0739	1.0766	1.0583	1.0629	16579867.7	00:00.0	17675548.87	38812	8246122.9	8791653.182
1/4/2025 9:00	1.063	1.0698	1.0626	1.0626	7067337.2	00:00.0	7535218.853	15384	3093654.2	3299768.412
1/4/2025 10:00	1.0626	1.065	1.0565	1.0607	8332583.5	00:00.0	8836044.455	19460	4045312	4290295.048
1/4/2025 11:00	1.0607	1.0653	1.0598	1.0614	3725636	00:00.0	3957309.308	11016	1593176.7	1692244.839
1/4/2025 12:00	1.0614	1.0721	1.0605	1.0698	7428449	00:00.0	7914350.486	18892	3115688	3322664.519
1/4/2025 13:00	1.0698	1.0824	1.0684	1.0796	11001913.7	00:00.0	11836964.31	27766	6175749.2	6644556.581
1/4/2025 14:00	1.0796	1.093	1.0749	1.0889	8485204.2	00:00.0	9188526.705	26571	4049818.1	4387002.369
1/4/2025 15:00	1.089	1.0897	1.0587	1.0653	16687302.7	00:00.0	17841723.7	42729	7128151.3	7615746.623
1/4/2025 16:00	1.0652	1.0788	1.063	1.0762	8142769.4	00:00.0	8714143.313	24078	3861547.1	4133732.24
1/4/2025 17:00	1.0763	1.0766	1.0691	1.0734	3309694.2	00:00.0	3549831.453	12330	1756009.5	1883799.451
1/4/2025 18:00	1.0734	1.076	1.0665	1.0676	2922254.6	00:00.0	3129248.994	11426	1306879.5	1400105.95
1/4/2025 19:00	1.0676	1.075	1.067	1.0728	2802704.5	00:00.0	3002054.042	9193	1391697	1490575.139
1/4/2025 20:00	1.0728	1.0788	1.0715	1.0782	3001895	00:00.0	3229064.067	10290	1361103.7	1463751.441
1/4/2025 21:00	1.0783	1.0824	1.0733	1.0762	3091686	00:00.0	3333674.649	12016	1407422.4	1518109.209
1/4/2025 22:00	1.0762	1.0765	1.0711	1.0745	2678784.2	00:00.0	2875505.91	7622	1355090.1	1454693.133
1/4/2025 23:00	1.0744	1.0756	1.0687	1.0707	2144498.4	00:00.0	2298167.018	8682	1143855.2	1225978.299
5/1/2025 0:00	1.0707	1.0764	1.0631	1.0637	4307063.9	00:00.0	4605827.111	13971	2176465	2328535.225
5/1/2025 1:00	1.0637	1.0662	1.0549	1.061	4296898.8	00:00.0	4553702.827	14330	1909545.2	2024092.269
5/1/2025 2:00	1.0611	1.0644	1.0585	1.0621	2790193.9	00:00.0	2960913.756	9573	1446050.4	1534822.571
5/1/2025 3:00	1.0622	1.0625	1.0521	1.0583	3649877.3	00:00.0	3854375.834	10457	1426367.2	1506857.853
5/1/2025 4:00	1.0582	1.0707	1.0578	1.0706	3716254.3	00:00.0	3957268.634	11549	2416270.7	2574129.44
5/1/2025 5:00	1.0706	1.0802	1.067	1.0756	6074070.4	00:00.0	6528816.876	17811	3253487.6	3499334.149
5/1/2025 6:00	1.0755	1.091	1.0697	1.0896	6932292.7	00:00.0	7501064.409	20145	3848117.1	4167281.874
5/1/2025 7:00	1.0896	1.115	1.0882	1.0934	22596003.9	00:00.0	24910340.77	56025	13809133.6	15225560.15
5/1/2025 8:00	1.0934	1.096	1.072	1.0859	12234804.8	00:00.0	13220893.23	35538	5701298.2	6159157.737
5/1/2025 9:00	1.0857	1.0935	1.0788	1.0788	6110880.4	00:00.0	6633219.232	21763	2883575.1	3131070.697
5/1/2025 10:00	1.0789	1.0862	1.072	1.0788	7441865.3	00:00.0	8034334.56	24463	3680050.6	3972961.961
5/1/2025 11:00	1.0788	1.0829	1.0732	1.0734	5077941.7	00:00.0	5470747.548	16795	2508585.7	2702807.383
5/1/2025 12:00	1.0735	1.0813	1.068	1.0782	5194303.7	00:00.0	5582068.356	17259	2624048.3	2821570.941
5/1/2025 13:00	1.0783	1.0988	1.0748	1.0923	12224254	00:00.0	13312150.96	29805	6474673.1	7053331.771
5/1/2025 14:00	1.0924	1.1025	1.0714	1.0952	14215501.9	00:00.0	15453990.13	46140	6311386.7	6859789.471
5/1/2025 15:00	1.0951	1.0997	1.0822	1.0902	10136119.2	00:00.0	11071850.06	29184	5163091.2	5639141.815
5/1/2025 16:00	1.0903	1.0937	1.0774	1.0821	6336017.9	00:00.0	6871958.081	24407	3656868.7	3966847.473
5/1/2025 17:00	1.0821	1.098	1.0813	1.0879	7245757.1	00:00.0	7903082.003	21935	3195396.1	3484174.802
5/1/2025 18:00	1.0878	1.0938	1.0801	1.0927	6759311.5	00:00.0	7339438.168	20550	3624141.1	3935113.449
5/1/2025 19:00	1.0927	1.0976	1.09	1.0918	4989810.7	00:00.0	5456894.57	17140	2344587.2	2564070.471
5/1/2025 20:00	1.0918	1.0995	1.0865	1.0889	6178022.7	00:00.0	6747996.566	20258	3171592.5	3464215.301
5/1/2025 21:00	1.0889	1.0928	1.0851	1.0882	3024214.5	00:00.0	3291612.771	12134	1478675.4	1609277.868
5/1/2025 22:00	1.0882	1.0977	1.0821	1.0964	3220158.2	00:00.0	3507664.956	11745	1542837.9	1680242.042
5/1/2025 23:00	1.0963	1.1049	1.0905	1.0911	6879216.5	00:00.0	7560171.23	22305	3479832	3823769.838
2/1/2025 0:00	1.0911	1.0953	1.0753	1.0766	8645566.8	00:00.0	9352710.569	28290	4164598.7	4506728.313
2/1/2025 1:00	1.0767	1.0963	1.0758	1.0949	5416321.3	00:00.0	5871255.899	19958	2540686.6	2754159.333
2/1/2025 2:00	1.0948	1.1078	1.0834	1.0842	13554064.4	00:00.0	14861335.73	40189	7061597.5	7743456.915
2/1/2025 3:00	1.0842	1.0916	1.0834	1.0901	3139988	00:00.0	3417668.443	14149	1629143.7	1773340.388
2/1/2025 4:00	1.0901	1.0944	1.0857	1.0902	2974875.7	00:00.0	3241974.163	13074	1614072.9	1759098.976
2/1/2025 5:00	1.0903	1.0936	1.0851	1.0875	4331849.9	00:00.0	4720698.312	15835	2145934.5	2338860.816
2/1/2025 6:00	1.0876	1.0882	1.0781	1.0821	4751519.2	00:00.0	5145927.404	16422	2412588	2612565.256
2/1/2025 7:00	1.0822	1.0864	1.0757	1.0784	9147329.6	00:00.0	9894488.424	23934	4553862.9	4926252.529
2/1/2025 8:00	1.0784	1.0867	1.0763	1.0767	8476690.8	00:00.0	9163838.876	21344	3375393.4	3650835.171
2/1/2025 9:00	1.0768	1.0811	1.0731	1.0798	5941068.7	00:00.0	6397191.225	15560	2758069.4	2970566.697
2/1/2025 10:00	1.0798	1.0827	1.0717	1.0787	3691981	00:00.0	3973131.217	13213	1579101.6	1699167.651
2/1/2025 11:00	1.0788	1.0855	1.077	1.0848	4124904.5	00:00.0	4461204.038	12203	1960631.7	2121449.313
2/1/2025 12:00	1.0848	1.085	1.0762	1.0769	3311602.9	00:00.0	3578748.775	11043	1529635.5	1652748.565
2/1/2025 13:00	1.0768	1.0797	1.0575	1.0776	15784100.7	00:00.0	16864052.97	32470	6116631.2	6544930.572
2/1/2025 14:00	1.0776	1.0988	1.0645	1.0915	15718655.6	00:00.0	17003950.92	50321	8607229.5	9316955.336
2/1/2025 15:00	1.0914	1.103	1.0852	1.0954	16330656.7	00:00.0	17909861.71	49542	8407798.2	9223175.427
2/1/2025 16:00	1.0955	1.1162	1.0934	1.1058	19465229.4	00:00.0	21539488.48	49985	10210769.2	11301817.51
2/1/2025 17:00	1.1059	1.1068	1.0876	1.0936	8022412.1	00:00.0	8792433.687	30060	3694282.2	4047593.723
2/1/2025 18:00	1.0937	1.1075	1.089	1.1038	5854582.3	00:00.0	6437908.545	21321	3393210.9	3731311.735
2/1/2025 19:00	1.1038	1.1125	1.102	1.107	7069121.6	00:00.0	7834995.021	20634	3534843.4	3918444.157
2/1/2025 20:00	1.107	1.1128	1.1016	1.1062	4747759.8	00:00.0	5260113.219	16750	2536851.3	2811494.435
2/1/2025 21:00	1.1061	1.1075	1.0965	1.1	4547833.3	00:00.0	5006261.31	16045	2244350.5	2470872.407
2/1/2025 22:00	1.1	1.105	1.0978	1.099	3064669.6	00:00.0	3374503.822	10136	1335807.8	1471226.198
2/1/2025 23:00	1.099	1.1005	1.091	1.0934	3283135	00:00.0	3592181.289	12234	1539605.2	1684518.453
3/1/2025 0:00	1.0934	1.1009	1.0884	1.0891	4309607.8	00:00.0	4712031.106	17011	2289048.8	2504780.239
3/1/2025 1:00	1.089	1.0992	1.0853	1.0919	5229338.6	00:00.0	5710249.486	18435	2537428.9	2770174.91
3/1/2025 2:00	1.0918	1.0946	1.081	1.0816	3570775.8	00:00.0	3881887.319	13846	1788607.9	1945800.906
3/1/2025 3:00	1.0816	1.0907	1.0813	1.0874	2662013.8	00:00.0	2892848.152	13094	1507086.2	1637699.038
3/1/2025 4:00	1.0874	1.091	1.0845	1.0875	1819049.1	00:00.0	1978434.978	9293	1097655.9	1193852.502
3/1/2025 5:00	1.0876	1.0903	1.0841	1.0877	3190481.9	00:00.0	3470423.885	12579	1088384.3	1183811.304
3/1/2025 6:00	1.0877	1.0999	1.0848	1.0989	4980231.7	00:00.0	5437666.685	16060	2279038.5	2490432.727
3/1/2025 7:00	1.0988	1.1039	1.0941	1.1025	4431970.1	00:00.0	4869231.388	13558	2478523	2724469.146
3/1/2025 8:00	1.1026	1.1394	1.1026	1.1391	26958044.5	00:00.0	30299660.64	74665	16006993.2	17993330.61
3/1/2025 9:00	1.1391	1.1463	1.1278	1.1394	19174288.4	00:00.0	21837366.6	55923	10615597.6	12099802.29
3/1/2025 10:00	1.1394	1.1451	1.1303	1.1398	11051274.4	00:00.0	12561404.21	32051	5539291.3	6296522.883
3/1/2025 11:00	1.1397	1.1519	1.1206	1.1341	23324757	00:00.0	26562614.54	60170	11372730.3	12966678.35
3/1/2025 12:00	1.1341	1.1415	1.1283	1.1321	12854152	00:00.0	14591430.53	37543	5582487.5	6339175.21
3/1/2025 13:00	1.1321	1.1397	1.1255	1.1316	7945786.8	00:00.0	8999313.998	25379	3449138.9	3906047.259
3/1/2025 14:00	1.1317	1.1358	1.1053	1.1139	13873059.6	00:00.0	15596670.46	45877	5613498.9	6312987.427
3/1/2025 15:00	1.1139	1.1181	1.0276	1.0452	88147630.4	00:00.0	94064063.81	249115	37834714.8	40373884.34
3/1/2025 16:00	1.0451	1.0644	1.0331	1.0428	25540284.6	00:00.0	26768699.56	66254	13601815.9	14264761.17
3/1/2025 17:00	1.0429	1.048	1.0225	1.0292	19087140.5	00:00.0	19760503.77	43055	8621792.9	8931872.87
3/1/2025 18:00	1.0291	1.0402	1.0081	1.009	21761930	00:00.0	22229709.42	47506	8418110	8596151.182
3/1/2025 19:00	1.0089	1.0188	1.0035	1.0092	12456880.5	00:00.0	12579999.96	31487	7085046.2	7158589.081
3/1/2025 20:00	1.0092	1.0138	0.9935	1.0066	16763985.1	00:00.0	16830329.03	46166	7853300	7891316.946
8/1/2025 21:00	1.0066	1.0187	0.9917	0.9918	14464202.6	00:00.0	14544748.95	41299	7600097.9	7648843.492
8/1/2025 22:00	0.9917	1.0082	0.988	1.0049	12496411.4	00:00.0	12490918.87	26960	6941075.9	6945999.743
8/1/2025 23:00	1.0048	1.0048	0.9888	0.9892	9469542.6	00:00.0	9437170.623	21264	4718501	4704195.197
